CREATE TABLE cars ( 
      car_id INT PRIMARY KEY,
	make VARCHAR(50),
	type VARCHAR(50),
	style VARCHAR(50),
	cost_$ INT);

INSERT INTO cars (car_id, make, type, style, cost_$)
VALUES 
(1, 'Honda', 'Civic', 'Sedan', 30000),
(2, 'Toyota', 'Corolla', 'Hatchback', 25000),
(3, 'Ford', 'Explorer', 'SUV', 40000),
(4, 'Chevrolet', 'Comaro', 'Coupe', 36000),
(5, 'BMW', 'XS', 'SUV', 55000),
(6, 'Audi', 'A4', 'Sedan', 48000),
(7, 'Mercedes', 'C-Class', 'Coupe', 60000),
(8, 'Nissan', 'Altima', 'Sedan', 26000);

UPDATE cars
SET type = 'X5'
WHERE car_id =5;

SELECT * FROM cars;

CREATE TABLE salespersons (
             salesman_id INT PRIMARY KEY,
	         name VARCHAR(50),
	         age INT,
	         city VARCHAR(50)
;

INSERT INTO salespersons( salesman_id,name,age,city)
VALUES
(1,'John Smith',28,'New York'),
(2,'Emily Wong',35,'San Fran'),
(3,'Tom Lee',42,'Seattle'),
(4,'Lucy Chen',31,'LA');

SELECT * FROM salespersons;
	
	
CREATE TABLE sales (
          sale_id INT PRIMARY KEY,
          car_id INT,
          salesman_id INT,
          purchase_date DATE,
          FOREIGN KEY (car_id) REFERENCES cars(car_id),
          FOREIGN KEY (salesman_id) REFERENCES salespersons(salesman_id));

INSERT INTO sales (sale_id, car_id, salesman_id, purchase_date)
VALUES (1, 1, 1, '2021-01-01'),
(2, 3, 3, '2021-02-03'),
(3, 2, 2, '2021-02-10'),
(4, 5, 4, '2021-03-01'),
(5, 8, 1, '2021-04-02'),
(6, 2, 1, '2021-05-05'),
(7, 4, 2, '2021-06-07'),
(8, 5, 3, '2021-07-09'),
(9, 2, 4, '2022-01-01'),
(10, 1, 3, '2022-02-03'),
(11, 8, 2, '2022-02-10'),
(12, 7, 2, '2022-03-01'),
(13, 5, 3, '2022-04-02'),
(14, 3, 1, '2022-05-05'),
(15, 5, 4, '2022-06-07'),
(16, 1, 2, '2022-07-09'),
(17, 2, 3, '2023-01-01'),
(18, 6, 3, '2023-02-03'),
(19, 7, 1, '2023-02-10'),
(20, 4, 4, '2023-03-01');
	
SELECT * FROM sales;	
	
-- Q1. What are the details of all cars purchased in the year 2022?
	SELECT * FROM cars
	JOIN sales ON  sales.car_id = cars.car_id
	WHERE EXTRACT(YEAR FROM purchase_date) = 2022
	ORDER BY purchase_date DESC;
-- Q2. What is the total number of cars sold by each salesperson?
	SELECT sp.salesman_id,sp.name ,COUNT(sale_id) AS cars_sold
	FROM sales s
	JOIN salespersons sp ON s.salesman_id = sp.salesman_id
	GROUP BY sp.salesman_id
	ORDER BY sp.salesman_id ;
	
	
-- Q3. What is the total revenue generated by each salesperson?	
	
	SELECT sp.salesman_id,sp.name,SUM(cost_$) AS total_revenue
	FROM salespersons sp
	INNER JOIN sales s ON sp.salesman_id = s.salesman_id
	INNER JOIN cars c ON s.car_id = c.car_id
	GROUP BY sp.salesman_id
	ORDER BY sp.salesman_id;
	
-- Q4. What are the details of the cars sold by each salesperson?	
	
	SELECT sp.salesman_id ,sp.name,c.car_id,c.make,c.type,c.style,c.cost_$
	FROM cars c
	INNER JOIN sales s ON s.car_id = c.car_id
	INNER JOIN salespersons sp On sp.salesman_id = s.salesman_id
	GROUP BY sp.salesman_id, c.car_id
	ORDER BY salesman_id;
	
-- Q5. What is the total revenue generated by each car type?
	
	SELECT c.type, SUM(cost_$) AS total_revenue_generated
	FROM cars c
	JOIN sales s ON c.car_id = s.car_id
	GROUP BY c.type;
	
-- Q6. What are the details of the cars sold in the year 2021 by salesperson ‘Emily Wong’?	
  SELECT s.sale_id,s.purchase_date,s.car_id,c.make,c.type,c.style,c.cost_$ 
   FROM
   sales s 
   JOIN cars c ON s.car_id = c.car_id 
   JOIN salespersons sp ON s.salesman_id = sp.salesman_id 
    WHERE EXTRACT (YEAR FROM s.purchase_date) = '2021' 
    AND sp.name = 'Emily Wong' 
    ORDER BY
     s.purchase_date DESC;

-- Solution Method 2
	with cte1 as (
    select salesman_id, car_id, extract(year from sales.purchase_date) as year_of_purchase from sales)
    select salespersons.name, car_id, make, type, style, cost_$
    from salespersons
    join cte1 using (salesman_id)
    join cars using (car_id)
    where salespersons.name= 'Emily Wong' and  year_of_purchase ='2021'
	
-- Q7. What is the total revenue generated by the sales of hatchback cars?	
	
	SELECT cars.style,SUM(cars.cost_$) AS total_revenue
	FROM cars
	JOIN sales ON cars.car_id = sales.car_id
	WHERE cars.style = 'Hatchback'
	GROUP BY cars.style;
	
-- Q8. What is the total revenue generated by the sales of SUV cars in the year 2022?
	
	SELECT cars.style,SUM(cars.cost_$) AS total_revenue
	FROM cars
	JOIN sales ON cars.car_id = sales.car_id
	WHERE EXTRACT (YEAR FROM sales.purchase_date) = 2022
	AND cars.style = 'SUV'
	GROUP BY cars.style;
	
-- Q9. What is the name and city of the salesperson who sold the most number of cars in the year 2023?	
	
-- Method 1	
	SELECT sp.name,sp.city,COUNT(s.car_id) AS total_car_sold
    FROM salespersons sp
	JOIN sales s ON sp.salesman_id = s.salesman_id
	JOIN cars c ON s.car_id = c.car_id
	WHERE EXTRACT (YEAR FROM s.purchase_date) = 2023
	GROUP BY sp.name,sp.city
	ORDER BY total_car_sold DESC
	LIMIT 1;
	
-- Method 2
	WITH ctel as ( SELECT salesman_id, car_id , EXTRACT(YEAR FROM sales.purchase_date) AS year_of_purchase FROM sales )
	SELECT sp.name,sp.city,COUNT(c.car_id) AS total_car_sold
    FROM salespersons sp
	JOIN ctel ON sp.salesman_id = ctel.salesman_id
	JOIN cars c ON c.car_id = ctel.car_id
	WHERE year_of_purchase = '2023'
	GROUP BY sp.name,sp.city
	ORDER BY total_car_sold DESC
	LIMIT 1;
	
	
-- Q10. What is the name and age of the salesperson who generated the highest revenue in the year 2022?
	
	SELECT sp.name,sp.age,SUM(c.cost_$) AS highest_revenue
	FROM salespersons sp
	JOIN sales s ON sp.salesman_id =s.salesman_id
	JOIN cars c On s.car_id = c.car_id
	WHERE EXTRACT(YEAR FROM s.purchase_date)=2022
	GROUP BY sp.name,sp.age
	ORDER BY highest_revenue DESC
	LIMIT 1;
	
--	Method 2
	WITH ctel as ( SELECT salesman_id, car_id , EXTRACT(YEAR FROM sales.purchase_date) AS year_of_purchase FROM sales )
	SELECT sp.name,sp.age,SUM(cost_$) AS total_revenue
	FROM salespersons sp
	JOIN ctel ON sp.salesman_id =ctel.salesman_id
	JOIN cars c On ctel.car_id = c.car_id
	WHERE year_of_purchase =2022
	GROUP BY sp.name,sp.age
	ORDER BY total_revenue DESC
	LIMIT 1;